tile,cycles
0,69524
1,46669
2,19715
3,68660
4,36718
5,56319
6,385753
7,103544
8,37259
9,76358
10,54929
11,26973
12,148690
13,75439
14,28337
15,110862
16,258101
17,57268
18,155995
19,31783
20,28483
21,71509
22,23136
23,73232
24,40402
25,147560
26,66933
27,20768
28,103382
29,80467
30,110145
31,153194
32,56042
33,143006
34,179368
35,29778
36,148577
37,68489
38,129102
39,59915
40,328433
41,31630
42,88877
43,62204
44,200454
45,65716
46,73043
47,40116
48,69004
49,100960
50,49091
51,61338
52,225890
53,59221
54,34006
55,471436
56,53809
57,95347
58,100839
59,114954
60,40103
61,107682
62,100690
63,57306
64,41287
65,75650
66,157555
67,88745
68,126693
69,46718
70,41513
71,62629
72,69171
73,36217
74,90686
75,382929
76,54700
77,91445
78,98594
79,79776
80,61732
81,105058
82,163905
83,57041
84,71101
85,115707
86,64120
87,174249
88,128571
89,36860
90,113110
91,127913
92,337598
93,93937
94,51685
95,172800
96,42886
97,204209
98,27159
99,329733
100,73704
101,625797
102,72350
103,85913
104,39408
105,86299
106,32280
107,85463
108,143252
109,71985
110,170659
111,181436
112,82365
113,97499
114,135249
115,84033
116,167026
117,497680
118,64557
119,52360
120,60457
121,55179
122,98418
123,45308
124,246339
125,45402
126,395691
127,64380
128,133074
129,84207
130,40637
131,64579
132,42835
133,50424
134,101002
135,56848
136,177176
137,320178
138,123363
139,69960
140,93143
141,256626
142,62669
143,83888
144,118517
145,137838
146,82101
147,141068
148,84707
149,56197
150,87075
151,124644
152,50528
153,141034
154,138737
155,117663
156,78388
157,52007
158,116951
159,28553
160,174673
161,97339
162,47281
163,60502
164,173306
165,341927
166,42644
167,70832
168,29794
169,79004
170,169949
171,38513
172,55276
173,59953
174,133941
175,54836
176,51465
177,158943
178,147556
179,27910
180,62893
181,32194
182,57959
183,168600
184,76401
185,59336
186,74037
187,182379
188,42741
189,31172
190,22302
191,368625
192,19519
193,59653
194,36184
195,166731
196,75325
197,78448
198,96667
199,164580
200,26764
201,83076
202,91852
203,111362
204,82640
205,94493
206,80944
207,27839
208,113470
209,81464
210,60803
211,42910
212,65717
213,62622
214,309887
215,142512
216,150948
217,56443
218,101413
219,95042
220,47476
221,104428
222,44348
223,35695
224,130283
225,138784
226,87419
227,259769
228,95139
229,79813
230,73367
231,68681
232,121153
233,83541
234,93628
235,75931
236,130025
237,120676
238,130868
239,88075
240,74323
241,129636
242,60308
243,71980
244,124469
245,252743
246,57005
247,62730
248,106670
249,230922
250,105830
251,231208
252,628516
253,94557
254,374375
255,68944
256,174532
257,81063
258,28264
259,40465
260,65975
261,40937
262,159700
263,65525
264,119097
265,78481
266,90918
267,39390
268,129599
269,55194
270,25592
271,81703
272,70615
273,76486
274,59485
275,44026
276,86512
277,58685
278,23832
279,42084
280,165281
281,100638
282,186275
283,61193
284,73985
285,46004
286,243952
287,99904
288,168283
289,115791
290,115099
291,82220
292,51873
293,94977
294,41969
295,32435
296,153663
297,330549
298,111134
299,104508
300,78902
301,122417
302,75100
303,35856
304,109139
305,159846
306,136055
307,57720
308,57321
309,547515
310,28839
311,37760
312,51722
313,259423
314,222284
315,42503
316,48204
317,54845
318,152929
319,164668
320,55711
321,158185
322,41165
323,125779
324,70875
325,126640
326,166340
327,95205
328,291574
329,55941
330,46177
331,64964
332,156353
333,208629
334,267614
335,116293
336,110962
337,196577
338,178202
339,97914
340,60638
341,61346
342,143141
343,147730
344,71185
345,252415
346,47550
347,131400
348,43024
349,232568
350,34483
351,100261
352,197009
353,84043
354,81077
355,50810
356,46628
357,49999
358,393234
359,47970
360,77513
361,167324
362,128355
363,85616
364,112922
365,34746
366,47799
367,32634
368,57383
369,77289
370,33449
371,91976
372,72325
373,25423
374,186845
375,38731
376,73032
377,153799
378,94012
379,58163
380,250881
381,30200
382,206291
383,150227
384,131476
385,94582
386,28620
387,63018
388,117039
389,197179
390,133730
391,26975
392,153728
393,79844
394,158239
395,89872
396,45047
397,265132
398,18897
399,39118
400,45295
401,36564
402,329573
403,92507
404,112581
405,100905
406,82418
407,250135
408,138784
409,472907
410,74049
411,27057
412,63391
413,34916
414,244585
415,17230
416,117777
417,256104
418,16314
419,61284
420,72864
421,36275
422,45012
423,450807
424,38755
425,37256
426,64250
427,90968
428,232045
429,27842
430,99065
431,22693
432,21578
433,138846
434,67290
435,47651
436,37022
437,47569
438,62290
439,127357
440,27784
441,149825
442,46039
443,17958
444,569174
445,145692
446,130687
447,37932
448,39050
449,22760
450,103644
451,29155
452,20201
453,99530
454,86124
455,266070
456,323317
457,77795
458,172233
459,78488
460,49552
461,241400
462,40304
463,48419
464,96969
465,62549
466,50384
467,31509
468,151556
469,30948
470,104102
471,38017
472,65651
473,256634
474,47832
475,48393
476,28178
477,46445
478,27481
479,37485
480,362623
481,47340
482,273421
483,93878
484,50578
485,74884
486,20967
487,240532
488,84757
489,35750
490,83685
491,621169
492,42733
493,42040
494,224075
495,43400
496,85990
497,76473
498,76796
499,156025
500,32243
501,223642
502,172124
503,51624
504,23169
505,477945
506,88234
507,67412
508,76728
509,22362
510,75088
511,214408
512,51268
513,164818
514,231007
515,51553
516,47486
517,102254
518,29919
519,103620
520,403771
521,103540
522,112203
523,85615
524,609154
525,38111
526,65567
527,48554
528,34005
529,81365
530,24802
531,62783
532,52932
533,25380
534,51853
535,52492
536,62836
537,236783
538,42433
539,106504
540,43171
541,256075
542,152464
543,159464
544,36183
545,36881
546,72395
547,53723
548,82784
549,300041
550,53653
551,62606
552,35754
553,35767
554,89874
555,53303
556,59405
557,70048
558,23556
559,77017
560,42776
561,144057
562,34394
563,33161
564,33606
565,87943
566,199016
567,66583
568,63389
569,61818
570,62260
571,117822
572,348533
573,71430
574,101378
575,34297
576,52196
577,206023
578,143765
579,261550
580,34577
581,34398
582,88768
583,24652
584,117557
585,32255
586,104352
587,53051
588,331035
589,79033
590,24357
591,48882
592,41479
593,41007
594,121164
595,92713
596,48210
597,149353
598,120367
599,76756
600,520648
601,65930
602,85436
603,604815
604,92147
605,329842
606,25234
607,26029
608,152473
609,77605
610,599082
611,103932
612,23379
613,23372
614,41650
615,78403
616,61180
617,172660
618,53050
619,171593
620,34235
621,24653
622,121455
623,63167
624,61479
625,51871
626,34392
627,42581
628,33272
629,42108
630,33689
631,24920
632,88116
633,127824
634,99964
635,23840
636,219117
637,24158
638,29983
639,21420
640,40059
641,32669
642,200625
643,155805
644,56955
645,276010
646,23372
647,30517
648,22273
649,67361
650,259337
651,73675
652,56038
653,29059
654,93240
655,408422
656,67344
657,84123
658,28148
659,56262
660,54291
661,38858
662,102170
663,29747
664,21534
665,120502
666,152906
667,54003
668,79426
669,69902
670,33787
671,210077
672,86381
673,24081
674,209572
675,50917
676,48979
677,69817
678,40607
679,230363
680,23909
681,87204
682,42261
683,156049
684,49030
685,117423
686,39602
687,39563
688,31555
689,198255
690,38021
691,92684
692,45819
693,46662
694,72239
695,113354
696,124721
697,93849
698,122253
699,55179
700,46045
701,73994
702,17962
703,44721
704,57529
705,100572
706,204091
707,74509
708,53954
709,287788
710,75644
711,85982
712,18789
713,61828
714,77895
715,95344
716,114978
717,31825
718,51044
719,42657
720,28294
721,158185
722,35907
723,44855
724,208163
725,85157
726,49320
727,68256
728,126196
729,58324
730,268528
731,47434
732,54793
733,37149
734,255088
735,302488
736,37424
737,57196
738,149080
739,387902
740,74946
741,91879
742,100336
743,618095
744,109931
745,188773
746,157191
747,61678
748,23770
749,122283
750,78941
751,32057
752,291354
753,173595
754,100395
755,312186
756,105526
757,114390
758,87987
759,68463
760,79254
761,50516
762,60097
763,144580
764,49630
765,287571
766,68034
767,50837
768,165054
769,184476
770,64749
771,27462
772,83959
773,27800
774,72081
775,208073
776,28186
777,242150
778,36357
779,311643
780,55825
781,83336
782,38449
783,66918
784,102994
785,75628
786,28160
787,46143
788,245047
789,180216
790,112554
791,28011
792,47480
793,82806
794,28159
795,65246
796,75239
797,28266
798,154640
799,45729
800,232241
801,93102
802,233718
803,215384
804,163929
805,108777
806,119700
807,82796
808,35270
809,451514
810,126014
811,36432
812,98206
813,34268
814,69840
815,540054
816,135255
817,25662
818,42985
819,33584
820,229843
821,32558
822,265443
823,287922
824,52393
825,502105
826,134324
827,21651
828,50141
829,607787
830,203086
831,226908
832,41221
833,31823
834,48347
835,48436
836,122686
837,20048
838,45989
839,590674
840,96889
841,38012
842,30894
843,153162
844,49139
845,68964
846,58589
847,104004
848,29556
849,152657
850,149488
851,28916
852,22713
853,107493
854,310553
855,61262
856,43301
857,209443
858,158402
859,121253
860,44599
861,458514
862,167078
863,36393
864,88524
865,71202
866,277524
867,52964
868,42623
869,25264
870,44826
871,193249
872,273066
873,118581
874,36476
875,105481
876,428520
877,42929
878,111909
879,26285
880,101220
881,23708
882,52906
883,31994
884,50446
885,181830
886,123704
887,24896
888,24412
889,108962
890,32707
891,61809
892,32715
893,39782
894,174978
895,40380
896,131396
897,67231
898,57156
899,173805
900,22668
901,115017
902,238474
903,56411
904,141042
905,57165
906,67889
907,87779
908,76494
909,76053
910,41665
911,23246
912,49715
913,41389
914,455019
915,21781
916,170070
917,54327
918,604648
919,169540
920,265115
921,407465
922,57849
923,27225
924,36442
925,67399
926,45536
927,185894
928,34252
929,213725
930,34343
931,60834
932,94853
933,194857
934,399313
935,88312
936,92206
937,139826
938,70935
939,599718
940,32894
941,53150
942,99708
943,189701
944,616991
945,39567
946,87098
947,609665
948,39346
949,50274
950,124772
951,78037
952,30656
953,49105
954,20780
955,237724
956,47712
957,57010
958,19969
959,287836
960,30083
961,77130
962,99357
963,30524
964,77040
965,96124
966,67876
967,150626
968,76922
969,37907
970,103455
971,31277
972,32803
973,22547
974,191784
975,39851
976,115480
977,34408
978,220055
979,35250
980,260687
981,91140
982,61992
983,139668
984,78956
985,178588
986,23774
987,99735
988,68532
989,77855
990,42820
991,51613
992,199367
993,74691
994,62419
995,98601
996,436560
997,52908
998,600904
999,53168
1000,613460
1001,43148
1002,62121
1003,136687
1004,52204
1005,200114
1006,251881
1007,47689
1008,125881
1009,69651
1010,59124
1011,30679
1012,279746
1013,222776
1014,133347
1015,39637
1016,58452
1017,132271
1018,127907
1019,144788
1020,118550
1021,237525
1022,57277
1023,47943
1024,27073
1025,17494
1026,75309
1027,240555
1028,412840
1029,179903
1030,139899
1031,372782
1032,126601
1033,52737
1034,368036
1035,231710
1036,52769
1037,198686
1038,394206
1039,82289
1040,63047
1041,61997
1042,142061
1043,83568
1044,34444
1045,106227
1046,135286
1047,33152
1048,104068
1049,239322
1050,21591
1051,94715
1052,132622
1053,86927
1054,29485
1055,20827
1056,48924
1057,163888
1058,206850
1059,29228
1060,107433
1061,37810
1062,335270
1063,28761
1064,132257
1065,18104
1066,585760
1067,26369
1068,55198
1069,46257
1070,212718
1071,17763
1072,35460
1073,56348
1074,44067
1075,146135
1076,24994
1077,42538
1078,42121
1079,52497
1080,27392
1081,25725
1082,101283
1083,44157
1084,69971
1085,42735
1086,42605
1087,136338
1088,163960
1089,187655
1090,39597
1091,86184
1092,75367
1093,78798
1094,39125
1095,259006
1096,40452
1097,68943
1098,239869
1099,39520
1100,135686
1101,58826
1102,54905
1103,86494
1104,195831
1105,56423
1106,102866
1107,47566
1108,587639
1109,49530
1110,176544
1111,51475
1112,131811
1113,43807
1114,32480
1115,73131
1116,209951
1117,119101
1118,279950
1119,50942
1120,135368
1121,55382
1122,601150
1123,83641
1124,24026
1125,128003
1126,218575
1127,69130
1128,184776
1129,24081
1130,24128
1131,40304
1132,39850
1133,370379
1134,106072
1135,81083
1136,41446
1137,30793
1138,416313
1139,49171
1140,152056
1141,381214
1142,86383
1143,125609
1144,155471
1145,39281
1146,41480
1147,49002
1148,21308
1149,25867
1150,53760
1151,73691
1152,39105
1153,26857
1154,97690
1155,46555
1156,26124
1157,30056
1158,123305
1159,85202
1160,58349
1161,49073
1162,32071
1163,33502
1164,23059
1165,21358
1166,39915
1167,40882
1168,32046
1169,59267
1170,194916
1171,31052
1172,99469
1173,57358
1174,30668
1175,38753
1176,89749
1177,49371
1178,20416
1179,106074
1180,97468
1181,173220
1182,330950
1183,53641
1184,36864
1185,593687
1186,203727
1187,46263
1188,274230
1189,93977
1190,19374
1191,123994
1192,64891
1193,83933
1194,134619
1195,64200
1196,37615
1197,197132
1198,18944
1199,159266
1200,46235
1201,39421
1202,43887
1203,90585
1204,101450
1205,166817
1206,296225
1207,290500
1208,65815
1209,112137
1210,94776
1211,84833
1212,38628
1213,47577
1214,96639
1215,85689
1216,78431
1217,164735
1218,28622
1219,65741
1220,123400
1221,93911
1222,35568
1223,75631
1224,58913
1225,65403
1226,46022
1227,112562
1228,18322
1229,27535
1230,84675
1231,68294
1232,77690
1233,170667
1234,137475
1235,36490
1236,48920
1237,75670
1238,144144
1239,309544
1240,47536
1241,86864
1242,489676
1243,71678
1244,133969
1245,145662
1246,72740
1247,26080
1248,35080
1249,25909
1250,54193
1251,76272
1252,138353
1253,43644
1254,157831
1255,26006
1256,33718
1257,89260
1258,32343
1259,61771
1260,145540
1261,29549
1262,87721
1263,225653
1264,48290
1265,436002
1266,66118
1267,254236
1268,65595
1269,283086
1270,36550
1271,46604
1272,47060
1273,63935
1274,64806
1275,104486
1276,94434
1277,57152
1278,46454
1279,57907
1280,55839
1281,149610
1282,133436
1283,39153
1284,161079
1285,47010
1286,154246
1287,48097
1288,195712
1289,53478
1290,41827
1291,61380
1292,371656
1293,34892
1294,45485
1295,26209
1296,27786
1297,35689
1298,63087
1299,53603
1300,28032
1301,217050
1302,198951
1303,49473
1304,192224
1305,95006
1306,74108
1307,140613
1308,37796
1309,19082
1310,38428
1311,28723
1312,48935
1313,105851
1314,29280
1315,154234
1316,180900
1317,225198
1318,85614
1319,29346
1320,54542
1321,16981
1322,18859
1323,69716
1324,42313
1325,457494
1326,41442
1327,164157
1328,78971
1329,42710
1330,177843
1331,114368
1332,75991
1333,58651
1334,205271
1335,335862
1336,40097
1337,28186
1338,57156
1339,83074
1340,87622
1341,37802
1342,89940
1343,46159
1344,27285
1345,37079
1346,26997
1347,211490
1348,123022
1349,442035
1350,102601
1351,84267
1352,45201
1353,62718
1354,24104
1355,177097
1356,489058
1357,53321
1358,154061
1359,23502
1360,50883
1361,69892
1362,51090
1363,42219
1364,144214
1365,42654
1366,31567
1367,59230
1368,23402
1369,49727
1370,161035
1371,168196
1372,354543
1373,39116
1374,21325
1375,95569
1376,21301
1377,164674
1378,94764
1379,19168
1380,150446
1381,18611
1382,27710
1383,55103
1384,71619
1385,44660
1386,154438
1387,35545
1388,25301
1389,36946
1390,186432
1391,37532
1392,54543
1393,507639
1394,26375
1395,88450
1396,47796
1397,30969
1398,21261
1399,133764
1400,47777
1401,94125
1402,19772
1403,28149
1404,36893
1405,75424
1406,37913
1407,46500
1408,206915
1409,47996
1410,45436
1411,414115
1412,36943
1413,100934
1414,115126
1415,138131
1416,159462
1417,152090
1418,59502
1419,89495
1420,111211
1421,22835
1422,39570
1423,40522
1424,68988
1425,188478
1426,48559
1427,229584
1428,175332
1429,510069
1430,28137
1431,463402
1432,29841
1433,48454
1434,78833
1435,179311
1436,138027
1437,91056
1438,44704
1439,351002
1440,55050
1441,26587
1442,21981
1443,68192
1444,145701
1445,59185
1446,110019
1447,50889
1448,159673
1449,32104
1450,69569
1451,160593
1452,23153
1453,183650
1454,143197
1455,31218
1456,69655
1457,41727
1458,50425
1459,68225
1460,51429
1461,285811
1462,65711
1463,237911
1464,30875
1465,60033
1466,76328
1467,145127
1468,46703
1469,119844
1470,182003
1471,27542
1472,156280
1473,19757
1474,299119
1475,28132
1476,95422
1477,454271
1478,26114
1479,591390
1480,86850
1481,26546
1482,126111
1483,98760
1484,77810
1485,119903
1486,60140
1487,65130
1488,169139
1489,188908
1490,35357
1491,36111
1492,62378
1493,25102
1494,282254
1495,368564
1496,46718
1497,64140
1498,593099
1499,53659
1500,124855
1501,138628
1502,34260
1503,247094
1504,42662
1505,91787
1506,45386
1507,152028
1508,121631
1509,41523
1510,59049
1511,22982
1512,282611
1513,42960
1514,144528
1515,128325
1516,51043
1517,160691
1518,136792
1519,41951
1520,39937
1521,31917
1522,40293
1523,46789
1524,38565
1525,29042
1526,30500
1527,48866
1528,141674
1529,151795
1530,118068
1531,132896
1532,264128
1533,209771
1534,20579
1535,29872
1536,30719
1537,60774
1538,188305
1539,114776
1540,67717
1541,76494
1542,90344
1543,52834
1544,24750
1545,69367
1546,25566
1547,145731
1548,62149
1549,24728
1550,44285
1551,128492
1552,36317
1553,64066
1554,27228
1555,104037
1556,84373
1557,90862
1558,82298
1559,52108
1560,137347
1561,260649
1562,25378
1563,107140
1564,60883
1565,69532
1566,216768
1567,52121
1568,69647
1569,231443
1570,143801
1571,88745
1572,412641
1573,105263
1574,41530
1575,61915
1576,57799
1577,48173
1578,58630
1579,120490
1580,64748
1581,130405
1582,28150
1583,37517
1584,202332
1585,29594
1586,180032
1587,100028
1588,105285
1589,149981
1590,17642
1591,54410
1592,26039
1593,36229
1594,17048
1595,74755
1596,75322
1597,67429
1598,257094
1599,114216
1600,252162
1601,29218
1602,103621
1603,54456
1604,99397
1605,145569
1606,26353
1607,71097
1608,43806
1609,88786
1610,196214
1611,155869
1612,162112
1613,94261
1614,48192
1615,69711
1616,135468
1617,67280
1618,148924
1619,198996
1620,49368
1621,145737
1622,145759
1623,48931
1624,58028
1625,175203
1626,38743
1627,29114
1628,65619
1629,36447
1630,141624
1631,72560
1632,94007
1633,100034
1634,26639
1635,425269
1636,37352
1637,55676
1638,90404
1639,137615
1640,91409
1641,104238
1642,158751
1643,63904
1644,49624
1645,149101
1646,42689
1647,44144
1648,322825
1649,33872
1650,181884
1651,366761
1652,257510
1653,169096
1654,276251
1655,69572
1656,41350
1657,41053
1658,72342
1659,65093
1660,39896
1661,22036
1662,29814
1663,158012
1664,38678
1665,154683
1666,94830
1667,291387
1668,123335
1669,53349
1670,35617
1671,81502
1672,53949
1673,46243
1674,43507
1675,34176
1676,34338
1677,34648
1678,82273
1679,92541
1680,26049
1681,66425
1682,45367
1683,91487
1684,152978
1685,117674
1686,22944
1687,70331
1688,31558
1689,42581
1690,48962
1691,271067
1692,253426
1693,47656
1694,30334
1695,86718
1696,49444
1697,32202
1698,30470
1699,75926
1700,277233
1701,77473
1702,149834
1703,36866
1704,597599
1705,91204
1706,63006
1707,25382
1708,274245
1709,35749
1710,36465
1711,85165
1712,61167
1713,160944
1714,90192
1715,325472
1716,43156
1717,152399
1718,24594
1719,81748
1720,184518
1721,175773
1722,72986
1723,172800
1724,120117
1725,133906
1726,107113
1727,279441
1728,309404
1729,368783
1730,211088
1731,110897
1732,50258
1733,59287
1734,98310
1735,107845
1736,105328
1737,48641
1738,361282
1739,94276
1740,76605
1741,253126
1742,148863
1743,18460
1744,360916
1745,18735
1746,125958
1747,44428
1748,116433
1749,296327
1750,85648
1751,82135
1752,33788
1753,99876
1754,33285
1755,157534
1756,51792
1757,513601
1758,41771
1759,60235
1760,70033
1761,30702
1762,47741
1763,86298
1764,65441
1765,102009
1766,165192
1767,85929
1768,182416
1769,265468
1770,184547
1771,68943
1772,281580
1773,75765
1774,111522
1775,66580
1776,46366
1777,74792
1778,118566
1779,46296
1780,104451
1781,64367
1782,428149
1783,40906
1784,106857
1785,30714
1786,603803
1787,104493
1788,64573
1789,53612
1790,316487
1791,147253
1792,33682
1793,269334
1794,52637
1795,24331
1796,186865
1797,58934
1798,22451
1799,68986
1800,60461
1801,72157
1802,117682
1803,207561
1804,95536
1805,87884
1806,61581
1807,77781
1808,131001
1809,19840
1810,83540
1811,67264
1812,28042
1813,36312
1814,180434
1815,47156
1816,175718
1817,71637
1818,26705
1819,75681
1820,76929
1821,85478
1822,150914
1823,76538
1824,147999
1825,77922
1826,167194
1827,69954
1828,299069
1829,160038
1830,125685
1831,525295
1832,41571
1833,31567
1834,31982
1835,23170
1836,39952
1837,50082
1838,111217
1839,97488
1840,40811
1841,157387
1842,593672
1843,179276
1844,64517
1845,74217
1846,95095
1847,301802
1848,48976
1849,352632
1850,48176
1851,45986
1852,102717
1853,129791
1854,19669
1855,397361
1856,339324
1857,35558
1858,36346
1859,125361
1860,69931
1861,42099
1862,57319
1863,126474
1864,29816
1865,41216
1866,148062
1867,80259
1868,77725
1869,189772
1870,36439
1871,74717
1872,67110
1873,21046
1874,27997
1875,66299
1876,143928
1877,35532
1878,222452
1879,117870
1880,16815
1881,107202
1882,36659
1883,67039
1884,155920
1885,47714
1886,44493
1887,29532
1888,159660
1889,101554
1890,21242
1891,85989
1892,39264
1893,66739
1894,36739
1895,27219
1896,127967
1897,144065
1898,36458
1899,84553
1900,124398
1901,590562
1902,27870
1903,44069
1904,64225
1905,45778
1906,164308
1907,45156
1908,274977
1909,108109
1910,71537
1911,33742
1912,78583
1913,238169
1914,99500
1915,106528
1916,33979
1917,83085
1918,91205
1919,141524
1920,54429
1921,219197
1922,128597
1923,407933
1924,67297
1925,68444
1926,156214
1927,30593
1928,96759
1929,53438
1930,115447
1931,45067
1932,64111
1933,27046
1934,26133
1935,45706
1936,27004
1937,36974
1938,83843
1939,234743
1940,19323
1941,28360
1942,152664
1943,64239
1944,74557
1945,36734
1946,75723
1947,35710
1948,73421
1949,29419
1950,53646
1951,49186
1952,95889
1953,92744
1954,338573
1955,299655
1956,61929
1957,45271
1958,84140
1959,157192
1960,111028
1961,16681
1962,55168
1963,73283
1964,124119
1965,197191
1966,99308
1967,55807
1968,56467
1969,93610
1970,44569
1971,32275
1972,90830
1973,51875
1974,584339
1975,22875
1976,50960
1977,43682
1978,61721
1979,41400
1980,99000
1981,50637
1982,500946
1983,66312
1984,108687
1985,47599
1986,123701
1987,126360
1988,66719
1989,56357
1990,136984
1991,56498
1992,46283
1993,37912
1994,67312
1995,65991
1996,118038
1997,34553
1998,53477
1999,71330
2000,223602
2001,44873
2002,33368
2003,35019
2004,60959
2005,138911
2006,171866
2007,310109
2008,188470
2009,119087
2010,58438
2011,49876
2012,66921
2013,135979
2014,30418
2015,103973
2016,40143
2017,188825
2018,49297
2019,103230
2020,64713
2021,57933
2022,75344
2023,45454
2024,44161
2025,185393
2026,143820
2027,37708
2028,74570
2029,374465
2030,26807
2031,278077
2032,72614
2033,39079
2034,39054
2035,31485
2036,66503
2037,64510
2038,190628
2039,33309
2040,33663
2041,58962
2042,212525
2043,120661
2044,102463
2045,48858
2046,32046
2047,75504
